seq,title,startDate,endDate,place,realmName,area,thumbnail,gpsX,gpsY,site
170893,국립중앙도서관 「실감서재」,2021-03-23,2022-12-31,실감서재,미술,서울,http://www.culture.go.kr/upload/rdf/21/09/rdf_2021092715383338725.jpg,127.0032229,37.49742197,https://www.nl.go.kr/NL/contents/N41801000000.do
173550,CONTACT_온라인 마술 공연,2020-08-04,2022-12-31,라온플레이,기타,서울,http://www.culture.go.kr/upload/rdf/21/11/rdf_2021111915314538261.JPG,127.0324846,37.4859297,https://raonplay.co.kr/product/contact
173551,온라인 매직스쿨,2021-01-04,2022-12-31,용용아저씨,기타,경기,http://www.culture.go.kr/upload/rdf/21/11/rdf_2021111915342114116.JPG,126.8828241,37.43723946,https://booking.naver.com/booking/12/bizes/469847/items/3761130
185859,S프로젝트_Connected Tunnel,2021-12-21,2022-12-31,소마미술관 2관,미술,서울,http://www.culture.go.kr/upload/rdf/22/05/show_2022053019251874498.JPG,127.1181845,37.51686487,http://soma.kspo.or.kr/
201764,2022 1-2월 토요국악동화,2022-02-05,2022-12-24,국립국악원 (풍류사랑방),기타,서울,http://www.culture.go.kr/upload/rdf/22/01/rdf_2022011221171549159.jpg,127.0095956,37.47747105,https://www.gugak.go.kr/site/program/performance/detail?menuid=001001001001&performance_id=22548
202006,오르간 오딧세이 (2~12월),2022-02-16,2022-12-21,롯데콘서트홀,음악,서울,http://www.culture.go.kr/upload/rdf/22/01/rdf_2022011721173365566.jpg,127.1044461,37.5137471,https://tickets.interpark.com/goods/21013091
202343,라움 마티네 콘서트,2022-02-22,2022-12-27,소셜베뉴 라움,음악,서울,http://www.culture.go.kr/upload/rdf/22/01/rdf_2022012321171402610.gif,127.0396649,37.50834455,https://tickets.interpark.com/goods/22000545
202388,다담,2022-02-23,2022-11-30,국립국악원 우면당,국악,서울,http://www.culture.go.kr/upload/rdf/22/01/rdf_2022012421171544930.jpg,127.0095307,37.47832026,https://www.gugak.go.kr/site/program/performance/detail?menuid=001001001001&performance_id=22622
203222,[대전시립연정국악단] 상설공연 '토요국악',2022-03-12,2022-11-26,대전시립연정국악원,국악,대전,http://www.culture.go.kr/upload/rdf/22/02/show_202202041441970613.jpg,127.389186,36.36637194,https://www.daejeon.go.kr/kmusic/
203301,연극 옥탑방 고양이,2022-02-01,2022-12-31,대학로 틴틴홀,연극,서울,http://www.culture.go.kr/upload/rdf/22/02/show_20220211950037253.jpg,127.003569,37.58160915,https://booking.naver.com/booking/12/bizes/170018
203648,"대전시립연정국악단, 토요국악",2022-03-12,2022-11-26,대전시립연정국악원,국악,대전,http://www.culture.go.kr/upload/rdf/22/02/rdf_2022021021172439381.gif,127.389186,36.36637194,https://tickets.interpark.com/goods/22000743
203781,뮤지컬 환타,2022-01-14,2022-12-31,하마씨어터,기타,서울,http://www.culture.go.kr/upload/rdf/22/02/show_2022021410274348977.jpg,127.0027715,37.58226014,https://booking.naver.com/booking/12/bizes/625105
203929,요한복음,2022-03-12,2022-11-30,광야아트센터,기타,서울,http://www.culture.go.kr/upload/rdf/22/02/rdf_2022021421171294370.PNG,127.0396392,37.52388687,https://stgwangya.modoo.at/
204025,늘근도둑이야기,2022-03-05,2022-12-31,아트포레스트 아트홀,연극,서울,http://www.culture.go.kr/upload/rdf/22/02/rdf_2022021610535279794.gif,127.0028258,37.58247998,https://tickets.interpark.com/goods/22001159
204681,"훈민정음, 천년의 문자 계획",2022-01-21,2022-12-31,국립한글박물관,미술,서울,http://www.culture.go.kr/upload/rdf/22/02/show_2022022813252555773.jpg,126.9804863,37.5210688,https://www.hangeul.go.kr/traceHangeul/traceHangeul1List.do?curr_menu_cd=0103010100
205167,판소리 다섯마당: 오색유파전 [대전],2022-03-31,2022-11-24,대전시립연정국악원,국악,대전,http://www.culture.go.kr/upload/rdf/22/03/rdf_2022030721171571878.gif,127.389186,36.36637194,https://tickets.interpark.com/goods/22002397
205396,토요마임극장,2022-03-05,2022-12-03,스튜디오QDA,연극,서울,http://www.culture.go.kr/upload/rdf/22/03/rdf_2022031121172335312.jpg,126.8965037,37.51397318,https://playticket.co.kr/nav/detail.html?idx=1700
205410,2022 라움 마티네 콘서트,2022-03-29,2022-12-27,소셜베뉴 라움,음악,서울,http://www.culture.go.kr/upload/rdf/22/03/show_2022031510475132933.jpg,127.0396649,37.50834455,https://tickets.interpark.com/goods/22000545
205539,K-브런치콘서트: 우.아.한 [대전],2022-03-30,2022-11-30,대전시립연정국악원,국악,대전,http://www.culture.go.kr/upload/rdf/22/03/rdf_2022031521172117658.gif,127.389186,36.36637194,https://tickets.interpark.com/goods/22002279
206833,2022 다담,2022-02-23,2022-11-30,국립국악원 우면당,국악,서울,http://www.culture.go.kr/upload/rdf/22/03/show_2022032913414373255.jpg,127.0095307,37.47832026,https://www.gugak.go.kr/site/program/performance/detail?menuid=001001001&performance_id_main=22622
206914,인피니티 플라잉 [경주],2022-04-08,2022-12-25,경주세계문화엑스포 문화센터 공연장,기타,경북,http://www.culture.go.kr/upload/rdf/22/03/rdf_2022032921172465668.jpg,129.288221,35.83222411,https://tickets.interpark.com/goods/22003080
208012,안산시립예술단과 함께하는 수수콘(수요일 수려한 콘서트),2022-05-04,2022-11-16,소극장 보노마루,기타,경기,http://www.culture.go.kr/upload/rdf/22/04/rdf_2022041321171134968.gif,126.8673122,37.30127634,https://tickets.interpark.com/goods/22004449
209437,FUTURE FOOD · 혀가 느끼는 고민 展,2022-05-18,2022-12-31,셀린박갤러리,미술,서울,http://www.culture.go.kr/upload/rdf/22/04/show_2022042914264341038.jpg,126.975998,37.616496,https://booking.naver.com/booking/12/bizes/688944
210067,울진 국립해양과학관X홀라이트,2022-01-01,2022-12-31,국립해양과학관,기타,경북,http://www.culture.go.kr/upload/rdf/22/05/show_2022050918491851389.jpg,129.4101235,37.07274854,https://www.kosm.or.kr/kosm/main.do
210595,오백에삼십,2022-01-01,2022-12-31,세우아트센터,연극,서울,http://www.culture.go.kr/upload/rdf/22/05/show_2022051817473674684.jpg,127.0039908,37.58194926,https://tickets.interpark.com/goods/22001569
211664,700년의 시간여행-신안 도자기를 찾아서,2022-01-01,2022-12-31,국립광주박물관,미술,광주,http://www.culture.go.kr/upload/rdf/22/06/show_202206022172287898.jpg,126.8830833,35.18907896,https://gwangju.museum.go.kr/prog/expHall/kor/exp/sub02_06/list.do
212963,판소리댄스컬 ‘몽연-서동의 꽃’ - 전주,2022-06-03,2022-11-25,전북예술회관,기타,전북,http://www.culture.go.kr/upload/rdf/22/06/show_2022062115463098784.png,127.147109,35.81681568,http://www.ticketlink.co.kr/product/38818
213342,국립한글박물관 2022년 하반기 공연 일정,2022-07-01,2022-12-31,국립한글박물관,기타,서울,http://www.culture.go.kr/upload/rdf/22/07/show_202207219192642648.PNG,126.9804863,37.5210688,https://www.hangeul.go.kr/event/userEventApplyList.do?event_type_cd=1&curr_menu_cd=0104040300
213434,송암미술관 2022년 체험특별전 '문자 + 더하기 그림',2022-06-28,2022-11-27,송암미술관,미술,인천,http://www.culture.go.kr/upload/rdf/22/06/show_2022062812391583009.jpg,126.6422574,37.43441354,http://songam.incheon.go.kr/index.do
213754,[현대어린이책미술관] 네모난 오아시스,2022-07-14,2022-11-20,현대어린이책미술관,미술,경기,http://www.culture.go.kr/upload/rdf/22/06/show_2022063010314763218.jpg,127.1120814,37.39278814,https://www.hmoka.org/main/index.do
215048,요리조리 MOKA Garden,2022-07-14,2022-10-30,MOKA가든,미술,경기,http://www.culture.go.kr/upload/rdf/22/07/show_2022071411402126915.png,127.1524213,37.61625523,https://www.hmoka.org/exhibitions/current/view.do?st_cd=780&seq=109
215092,도전! 어린이 건축가,2022-01-01,2022-12-31,경기도어린이박물관,미술,경기,http://www.culture.go.kr/upload/rdf/22/07/show_2022071418485865199.PNG,127.1096574,37.26739834,https://gcm.ggcf.kr/exhibitions/11
215093,원더풀랜드,2021-08-17,2022-12-31,고양 어린이박물관,미술,경기,http://www.culture.go.kr/upload/rdf/22/07/show_2022071418215968828.jpg,126.8309441,37.62947707,https://goyangcm.or.kr/about/exhibition.asp
215283,서울시립미술관 《춤추는 낱말》,2022-09-01,2022-11-20,서울시립미술관,미술,서울,http://www.culture.go.kr/upload/rdf/22/07/show_2022071515502389049.jpg,126.9737634,37.56413825,http://sema.seoul.go.kr/
215761,컬쳐 팔레트 시즌2,2022-07-30,2022-11-26,동래문화회관대극장,음악,부산,http://www.culture.go.kr/upload/rdf/22/07/show_202207211140978373.jpg,129.090601,35.21194775,https://www.dongnae.go.kr/culture/index.dongnae?menuCd=DOM_000000602001010000&epId=20220712084802
216617,"2022 카즈미 타테이시 트리오 내한 공연-지브리, 재즈를 만나다(창원)",2022-10-28,2022-10-28,성산아트홀,음악,경남,http://www.culture.go.kr/upload/rdf/22/07/show_2022072916135483030.jpg,128.6836738,35.23006724,https://tickets.interpark.com/goods/22009394
216618,"2022 카즈미 타테이시 트리오 내한 공연-지브리, 재즈를 만나다(서울 광진)",2022-10-30,2022-10-30,나루아트센터,음악,서울,http://www.culture.go.kr/upload/rdf/22/07/show_202207291616525277.jpg,127.070431,37.53779975,https://tickets.interpark.com/goods/22009429
216619,"2022 카즈미 타테이시 트리오 내한 공연-지브리, 재즈를 만나다(서울 강남)",2022-11-04,2022-11-04,광림아트센터 장천홀,음악,서울,http://www.culture.go.kr/upload/rdf/22/07/show_2022072916175745536.jpg,127.0252949,37.52396289,https://tickets.interpark.com/goods/22009606
216778,"2022 카즈미 타테이시 트리오 내한 공연-지브리, 재즈를 만나다(인천)",2022-11-06,2022-11-06,인천문화예술회관,음악,인천,http://www.culture.go.kr/upload/rdf/22/08/show_2022080114195023389.jpg,126.7001311,37.44784644,https://tickets.interpark.com/goods/22009668
216838,M 소나타 시리즈 〈김도현 피아노 리사이틀〉,2022-10-30,2022-10-30,마포아트센터 아트홀맥,음악,서울,http://www.culture.go.kr/upload/rdf/22/08/show_20220802134490953.jpg,126.9455337,37.54990185,https://www.mfac.or.kr/performance/whole_view.jsp?sc_b_category=17&sc_b_code=BOARD_1207683401&pk_seq=2019&page=1
216839,M 소나타 시리즈 〈문지영 피아노 리사이틀〉,2022-11-24,2022-11-24,마포아트센터 아트홀맥,음악,서울,http://www.culture.go.kr/upload/rdf/22/08/show_20220802136311503.jpg,126.9455337,37.54990185,https://www.mfac.or.kr/performance/whole_view.jsp?sc_b_category=17&sc_b_code=BOARD_1207683401&pk_seq=2020&page=1
216943,마포아트센터 JAZZ REBOOT -VOCALIST - 김주환 밴드,2022-10-28,2022-10-28,마포아트센터 아트홀맥,음악,서울,http://www.culture.go.kr/upload/rdf/22/08/show_2022080213293347601.jpg,126.9455337,37.54990185,https://www.mfac.or.kr/performance/whole_view.jsp?sc_b_category=17&sc_b_code=BOARD_1207683401&pk_seq=2030&page=1
216946,마포아트센터 JAZZ REBOOT -VOCALIST - 김민희 & Her Trio,2022-10-29,2022-10-29,마포아트센터 아트홀맥,음악,서울,http://www.culture.go.kr/upload/rdf/22/08/show_2022080213311955381.jpg,126.9455337,37.54990185,https://www.mfac.or.kr/performance/whole_view.jsp?sc_b_category=17&sc_b_code=BOARD_1207683401&pk_seq=2030&page=1
216953,마포아트센터 JAZZ REBOOT -VOCALIST - 이부영 콰르텟,2022-10-29,2022-10-29,마포아트센터 아트홀맥,음악,서울,http://www.culture.go.kr/upload/rdf/22/08/show_2022080213354336403.jpg,126.9455337,37.54990185,https://www.mfac.or.kr/performance/whole_view.jsp?sc_b_category=17&sc_b_code=BOARD_1207683401&pk_seq=2030&page=1
217044,2시간탈출졸탄쇼,2022-07-01,2022-12-22,졸탄극장,연극,서울,http://www.culture.go.kr/upload/rdf/22/08/show_2022080311354213481.jpg,127.0046302,37.57789026,https://booking.naver.com/booking/12/bizes/348237
217061,"2022 카즈미 타테이시 트리오 내한 공연-지브리, 재즈를 만나다(대구)",2022-11-10,2022-11-10,아양아트센터,음악,대구,http://www.culture.go.kr/upload/rdf/22/08/show_2022080311472968587.jpg,128.6518864,35.879606,https://tickets.interpark.com/goods/22009757
217219,"2022 카즈미 타테이시 트리오 내한 공연-지브리, 재즈를 만나다(광주)",2022-11-11,2022-11-11,518기념문화센터,음악,광주,http://www.culture.go.kr/upload/rdf/22/08/show_2022080413434758284.jpg,126.8574776,35.15836936,https://tickets.interpark.com/goods/22009885
217601,2022 Sea&Museum  바다와 미술관,2022-08-09,2022-10-30,이강하 미술관,미술,광주,http://www.culture.go.kr/upload/rdf/22/08/show_2022080616374174423.jpg,126.9156205,35.13688578,http://lkh-artmuseum.com/
217644,에릭 루 피아노 리사이틀,2022-12-06,2022-12-06,예술의전당 IBK챔버홀,음악,서울,http://www.culture.go.kr/upload/rdf/22/08/show_20220808933818428.jpg,127.0122499,37.47913542,https://tickets.interpark.com/goods/22008644
217757,"2022 카즈미 타테이시 트리오 내한 공연-지브리, 재즈를 만나다(천안)",2022-11-13,2022-11-13,천안예술의전당,음악,충북,http://www.culture.go.kr/upload/rdf/22/08/show_20220809914123736.jpg,127.2254123,36.75606838,https://tickets.interpark.com/goods/22010085
217760,"2022 카즈미 타테이시 트리오 내한 공연-지브리, 재즈를 만나다(울산)",2022-11-15,2022-11-15,울산북구문화예술회관,음악,울산,http://www.culture.go.kr/upload/rdf/22/08/show_2022080913143013928.jpg,129.3614097,35.58135468,https://tickets.interpark.com/goods/22010071
218024,The 경주 : 경주연대기,2022-05-31,2023-12-31,경주예술의전당 알천미술관,미술,경북,http://www.culture.go.kr/upload/rdf/22/08/show_202208101505351760.jpg,129.2061687,35.86264432,https://garts.kr/index.do?menuId=00000260&menuLink=/user/sched/detl.do&schedId=SCHED_0000011994
218026,뮤직드라마 당신만이,2022-05-27,2022-12-31,JTN 아트홀,기타,서울,http://www.culture.go.kr/upload/rdf/22/08/show_202208101695063067.jpg,127.0039282,37.5766379,https://tickets.interpark.com/goods/22005476
218286,"2022 카즈미 타테이시 트리오 내한 공연-지브리, 재즈를 만나다(서울 마포)",2022-11-16,2022-11-16,마포아트센터 아트홀맥,음악,서울,http://www.culture.go.kr/upload/rdf/22/08/show_2022081113472376014.jpg,126.9455337,37.54990185,https://tickets.interpark.com/goods/22010408
218670,"2022 카즈미 타테이시 트리오 내한 공연-지브리, 재즈를 만나다(부산)",2022-11-17,2022-11-17,영화의 전당 하늘연극장,음악,부산,http://www.culture.go.kr/upload/rdf/22/08/show_2022081613252931888.jpg,129.126982,35.17103715,https://tickets.interpark.com/goods/22010449
219015,홍수연 개인전 《Drawn Elephant : 추상 抽象》,2022-08-30,2022-10-29,코리아나미술관,미술,서울,http://www.culture.go.kr/upload/rdf/22/08/show_202208172011184121.jpg,127.0327641,37.52412324,https://booking.naver.com/booking/12/bizes/315390/items/4565325
219144,인어; 바다를 부른 여인,2022-10-05,2022-11-02,CGV 아르코 라이브,연극,,http://www.culture.go.kr/upload/rdf/22/08/show_202208181604956805.jpg,126.991165,37.571008,https://groupkkol.wixsite.com/kkol
219350,"2022 카즈미 타테이시 트리오 내한 공연-지브리, 재즈를 만나다(성남)",2022-11-19,2022-11-19,성남아트센터 콘서트홀,음악,경기,http://www.culture.go.kr/upload/rdf/22/08/show_2022081916174153461.jpg,127.1320826,37.40337701,https://tickets.interpark.com/goods/22010540
219781,[집밖] 이우환공간 상설전,2022-01-01,2022-12-31,이우환 공간,미술,부산,http://www.culture.go.kr/upload/rdf/22/08/show_2022082315161227864.png,129.1367509,35.16585028,http://art.busan.go.kr/spaceleeufan/
219783,[집밖] 각진원형:김용관,2022-08-23,2023-02-26,부산시립미술관,미술,부산,http://www.culture.go.kr/upload/rdf/22/08/show_2022082315251328388.jpg,129.137009,35.16669731,http://art.busan.go.kr/
219901,지구의 시간,2022-07-01,2022-11-06,국립아시아문화전당,미술,광주,http://www.culture.go.kr/upload/rdf/22/08/show_2022082410262020295.jpg,126.9200572,35.14704939,https://www.acc.go.kr/main/exhibition.do?PID=0202&action=Read&bnkey=EM_0000005105#scheduleList02
220056,MEDIA FOREST,2020-11-20,2022-12-31,여수엑스포컨벤션센터 엑스포홀,미술,전남,http://www.culture.go.kr/upload/rdf/22/08/show_202208251352118543.jpg,127.7465005,34.75218956,https://tickets.interpark.com/goods/22000534
220279,[집밖] 2022 ACCxGB 지역-아시아 전시 <쓰고도 달콤한>,2022-08-25,2022-11-27,국립아시아문화전당 문화창조원,미술,광주,http://www.culture.go.kr/upload/rdf/22/08/show_2022082613333026397.jpg,126.9200234,35.14801833,https://www.acc.go.kr/main/exhibition.do?PID=0203&action=Read&bnkey=EM_0000005389
220294,"[집밖] 영원한 삶의 집, 아스타나 고분",2022-07-16,2023-07-15,국립중앙박물관,미술,서울,http://www.culture.go.kr/upload/rdf/22/08/show_202208261412263685.jpg,126.9802369,37.52406306,http://www.museum.go.kr/
220313,[집밖] 어린이박물관 상설전시 &lt;우리 이제 만나요&gt;,2022-04-28,2023-03-12,국립민속박물관 어린이박물관,기타,서울,http://www.culture.go.kr/upload/rdf/22/08/show_202208261693515800.jpg,126.9786819,37.58192488,http://www.kidsnfm.go.kr/nfmkid/index.do
220323,[집밖] 일본 불교조각의 세계,2022-04-05,2023-10-09,국립중앙박물관,미술,서울,http://www.culture.go.kr/upload/rdf/22/08/show_202208261436055929.jpg,126.9802369,37.52406306,http://www.museum.go.kr/
220347,[집밖] MMCA 이건희컬렉션 특별전 이중섭,2022-08-12,2023-04-23,국립현대미술관 서울관,미술,서울,http://www.culture.go.kr/upload/rdf/22/08/show_202208261646292689.jpg,126.9801036,37.57862749,http://www.mmca.go.kr/
220350,[집밖] MMCA 현대차 시리즈 2022: 최우람 - 작은 방주,2022-09-09,2023-02-26,국립현대미술관 서울관,미술,서울,http://www.culture.go.kr/upload/rdf/22/08/show_2022082616551980660.jpg,126.9801036,37.57862749,http://www.mmca.go.kr/
220354,[집밖] MMCA 과천프로젝트 2022 : 옥상정원 시간의 정원,2022-06-29,2023-06-25,국립현대미술관 과천관,기타,경기,http://www.culture.go.kr/upload/rdf/22/08/show_202208261793773188.jpg,127.020072,37.43135814,http://www.mmca.go.kr/
220359,[집밖] 문신(文信) : 우주를 향하여,2022-09-01,2023-01-29,국립현대미술관 덕수궁관,미술,서울,http://www.culture.go.kr/upload/rdf/22/08/show_202208261727146608.jpg,126.9737288,37.56596726,http://www.mmca.go.kr/
220365,[집밖] MMCA 청주프로젝트 2022 : 도시공명,2022-08-24,2022-11-27,국립현대미술관 청주관,미술,충북,http://www.culture.go.kr/upload/rdf/22/08/show_2022082617355939053.jpg,127.4899174,36.65544975,http://www.mmca.go.kr/
220367,[집밖] 전시배달부,2022-08-24,2023-01-29,국립현대미술관 청주관,미술,충북,http://www.culture.go.kr/upload/rdf/22/08/show_202208261740416439.jpg,127.4899174,36.65544975,http://www.mmca.go.kr/
220488,[집밖] 제12회 서울미디어시티비엔날레 사전프로그램 <정거장>,2022-07-21,2023-01-29,서울시립미술관 남서울미술관,미술,서울,http://www.culture.go.kr/upload/rdf/22/08/show_2022082910262113333.jpg,126.9794921,37.47598525,https://sema.seoul.go.kr/kr/visit/namseoul
220506,[집밖] 서도호와 아이들: 아트랜드,2022-07-26,2023-03-12,서울시립 북서울미술관,미술,서울,http://www.culture.go.kr/upload/rdf/22/08/show_202208299375092385.jpg,127.0668034,37.64089114,https://sema.seoul.go.kr/kr/visit/bukseoul
220513,[집밖] 2022 신진미술인 전시지원 프로그램,2022-07-06,2022-11-20,SeMA 벙커,미술,서울,http://www.culture.go.kr/upload/rdf/22/08/show_202208291021555519.jpg,126.9239894,37.52532869,https://sema.seoul.go.kr/kr/visit/sema_bunker
220516,[집밖] 춤추는 낱말,2022-09-01,2022-11-20,서울시립미술관,미술,서울,http://www.culture.go.kr/upload/rdf/22/08/show_202208291092186294.jpg,126.9737634,37.56413825,http://sema.seoul.go.kr/
220519,"[집밖] 영원한 나르시시스트, 천경자-상시",2022-08-29,2023-12-31,서울시립미술관,미술,서울,http://www.culture.go.kr/upload/rdf/22/08/show_202208291017479291.jpg,126.9737634,37.56413825,http://sema.seoul.go.kr/
220531,경상필하모닉오케스트라 전국순회음악회 <황혼에서의 판타지아>,2022-11-11,2022-11-22,김해문화의전당,음악,경남,http://www.culture.go.kr/upload/rdf/22/08/show_2022082911553732725.jpg,128.8694032,35.2437287,https://www.facebook.com/profile.php?id=100064332026276
220537,우리집,2022-10-19,2022-10-23,후암스테이지,연극,서울,http://www.culture.go.kr/upload/rdf/22/08/show_202208291323870365.jpg,127.0004181,37.5820588,
220539,[집밖] 다다익선 : 즐거운 협연,2022-09-14,2023-02-26,국립현대미술관 과천관,미술,경기,http://www.culture.go.kr/upload/rdf/22/08/show_202208301665782043.PNG,127.020072,37.43135814,http://www.mmca.go.kr/
220626,[소마미술관] 작가재조명전&lt;이만익-별을 그리는 마음&gt;,2022-09-02,2023-02-05,소마미술관 1관,미술,서울,http://www.culture.go.kr/upload/rdf/22/08/show_202208309405872429.jpg,127.1155179,37.5203397,http://soma.kspo.or.kr/
220840,[대학로] 연극 러브레터,2022-09-23,2022-10-23,JTN 아트홀,연극,서울,http://www.culture.go.kr/upload/rdf/22/08/show_2022083018232094067.jpg,127.0039282,37.5766379,
220963,2022 토요국악동화 (9-10월),2022-09-03,2022-10-29,국립국악원 풍류사랑방,국악,서울,http://www.culture.go.kr/upload/rdf/22/08/show_2022083115105679274.jpg,127.0095956,37.47747105,https://www.gugak.go.kr/site/program/performance/detail?menuid=001001001&performance_id_main=22573
220973,민속악단 정기공연 &lt;원작을 점고하다 - 신들린 상쇠 오마주&gt;,2022-10-20,2022-10-21,국립국악원 예악당,국악,서울,http://www.culture.go.kr/upload/rdf/22/08/show_2022083115183198900.jpg,127.0087958,37.47764456,
221081,세인트 조앤 Saint Joan,2022-10-05,2022-10-30,국립극단 명동예술극장,연극,서울,http://www.culture.go.kr/upload/rdf/22/08/show_202208311526092965.jpg,126.984219,37.56403199,https://www.ntck.or.kr/ko/performance/info/257084
221089,피지컬 퍼포먼스 &lt;잠시 놀다&gt;_motivated by 구운몽,2022-10-08,2022-10-23,예술의전당 CJ토월극장,무용,서울,http://www.culture.go.kr/upload/rdf/22/08/show_202208311537034585.jpg,127.0138949,37.47961502,
221095,연극  <러브레터>,2022-10-06,2022-11-13,예술의전당 자유소극장,연극,서울,http://www.culture.go.kr/upload/rdf/22/08/show_202208311655851888.jpg,127.0140107,37.47904963,https://www.sac.or.kr/site/main/show/show_view?SN=48862
221139,피아니스트 윤한과 함께하는 아침음악살롱 &lt;Salon de Baby&gt;,2022-10-26,2022-10-26,안산문화예술의전당,음악,경기,http://www.culture.go.kr/upload/rdf/22/08/show_2022083116354592969.jpg,126.8226645,37.32020715,
221148,＜제22회 서울국제공연예술제＞,2022-10-06,2022-10-30,아르코예술극장 대극장,연극,서울,http://www.culture.go.kr/upload/rdf/22/08/show_2022083116495026233.jpg,127.0030001,37.58120372,http://spaf.or.kr/
221310,일의 기쁨과 슬픔,2022-10-14,2022-10-30,세종문화회관 M씨어터,연극,서울,http://www.culture.go.kr/upload/rdf/22/09/show_2022091944146094.jpg,126.9756907,37.57184668,http://www.sejongpac.or.kr/sejong/installation/sejong02.asp
221311,감괘,2022-10-21,2022-10-22,세종문화회관 세종대극장,무용,서울,http://www.culture.go.kr/upload/rdf/22/09/show_20220919461627527.jpg,126.9761803,37.57184453,
221312,이희문 쏭폼스토리즈 <강남오아시스>,2022-10-27,2022-11-06,세종문화회관 S씨어터,국악,서울,http://www.culture.go.kr/upload/rdf/22/09/show_20220919482610517.jpg,126.9751753,37.57279036,https://www.sejongpac.or.kr/portal/performance/performance/view.do?performIdx=33460&menuNo=200004
221419,국립무용단 <2022 무용극 호동>,2022-10-27,2022-10-29,국립극장 해오름극장,무용,서울,http://www.culture.go.kr/upload/rdf/22/09/show_202209113281505917.gif,126.9997227,37.55239216,https://www.ntok.go.kr/kr/Ticket/Performance/Details?performanceId=266218
221420,이머시브공연 <금란방> 창작가무극,2022-10-11,2022-11-13,국립정동극장,기타,서울,http://www.culture.go.kr/upload/rdf/22/09/show_202209113274295812.gif,126.972795,37.5658702,https://www.jeongdong.or.kr/portal/bbs/B0000252/view.do?nttId=6899&menuNo=200001
221446,SAC Opera Gala,2022-10-21,2022-10-23,예술의전당 오페라극장,기타,서울,http://www.culture.go.kr/upload/rdf/22/09/show_20220911391430435.PNG,127.0138271,37.47935599,
221447,2022 토요명품 (9-10월),2022-09-17,2022-10-29,국립국악원 우면당,국악,서울,http://www.culture.go.kr/upload/rdf/22/09/show_202209111555445138.jpg,127.0095307,37.47832026,https://www.gugak.go.kr/site/program/performance/detail?menuid=001001001&performance_id_main=22138
221449,전래동화음악극 <호랑이와 곶감>,2022-10-28,2022-10-29,복사골문화센터 판타지아극장,기타,경기,http://www.culture.go.kr/upload/rdf/22/09/show_202209113255036868.jpg,126.754321,37.49496584,https://www.bcf.or.kr/perfexhi/perf/chilperf/childrenDetail.act?PerformanceId=2001099&selectNum=8&searchType=0&searchWord=
221453,괴물,2022-10-06,2022-10-30,문래예술공장 박스시어터,연극,서울,http://www.culture.go.kr/upload/rdf/22/09/show_202209011491691424.jpg,126.9001525,37.51325102,https://tickets.interpark.com/goods/22011935
221720,[집밖] S프로젝트_커넥티드터널,2022-09-02,2022-12-31,소마미술관,미술,서울,http://www.culture.go.kr/upload/rdf/22/09/show_20220921453320003.jpg,127.118013,37.51690135,http://soma.kspo.or.kr/
221721,[집밖] 이만익-별을그리는마음,2022-09-02,2023-02-05,소마미술관,미술,서울,http://www.culture.go.kr/upload/rdf/22/09/show_202209214555819954.png,127.118013,37.51690135,http://soma.kspo.or.kr/
221723,[집밖] 뒤뷔페 그리고 빌레글레,2022-10-01,2023-01-31,소마미술관,미술,서울,http://www.culture.go.kr/upload/rdf/22/09/show_2022092152984216.jpg,127.118013,37.51690135,http://soma.kspo.or.kr/
221959,"2022 정기기획전 - '선비들의 출처, 나아감과 물러남'",2022-06-21,2023-02-26,유교문화박물관,미술,경북,http://www.culture.go.kr/upload/rdf/22/09/show_2022090515314898765.jpg,128.8105775,36.7024991,https://www.koreastudy.or.kr/cfseum/?fbclid=IwAR2LLrqLZvhzWW4uhowgQ8jXghw7fdZzLCLQxO6JShgmKOL4Dw86bVoCVzk
222081,SOUL-다섯가지 시선,2022-09-05,2022-11-04,갤러리 봄(대구),미술,대구,http://www.culture.go.kr/upload/rdf/22/09/show_202209301312268681.jpg,128.564859,35.95448034,https://blog.naver.com/gongganbom
222237,[파가니니 탄생 240주년] 리스트와 쇼팽이 추억하는 파가니니,2022-11-27,2022-11-27,예술의전당 콘서트홀,음악,서울,http://www.culture.go.kr/upload/rdf/22/09/show_2022090716483493742.jpg,127.011905,37.4790003,https://tickets.interpark.com/goods/22011292
222276,2022 리스트 국제 피아노 콩쿠르 위너 인 서울,2022-10-22,2022-10-22,예술의전당 IBK챔버홀,음악,서울,http://www.culture.go.kr/upload/rdf/22/09/show_2022090716365132788.jpg,127.0122499,37.47913542,
222277,유러피안 재즈 트리오 디즈니 VS 지브리,2022-10-30,2022-10-30,롯데콘서트홀,음악,서울,http://www.culture.go.kr/upload/rdf/22/09/show_2022090716401812685.jpg,127.1044461,37.5137471,https://tickets.interpark.com/goods/22009619
222278,정한빈 피아노 리사이틀 - 친애하는 프란츠에게,2022-11-05,2022-11-05,예술의전당 IBK챔버홀,음악,서울,http://www.culture.go.kr/upload/rdf/22/09/show_2022090716423374580.jpg,127.0122499,37.47913542,https://tickets.interpark.com/goods/22010110
222279,지브리 페스티벌,2022-11-20,2022-11-20,예술의전당 콘서트홀,음악,서울,http://www.culture.go.kr/upload/rdf/22/09/show_2022090716444054415.jpg,127.011905,37.4790003,http://ticket.yes24.com/Perf/43257
222280,어벤져스 히어로즈 VS 빌런즈 영화음악 콘서트,2022-11-26,2022-11-26,예술의전당 콘서트홀,음악,서울,http://www.culture.go.kr/upload/rdf/22/09/show_2022090716463385070.jpg,127.011905,37.4790003,https://tickets.interpark.com/goods/22010976
222633,바로크 백남준 展,2022-07-20,2023-01-24,백남준아트센터,미술,경기,http://www.culture.go.kr/upload/rdf/22/09/show_20220913156572683.jpg,127.1103732,37.26927635,https://njp.ggcf.kr/%eb%b0%94%eb%a1%9c%ed%81%ac-%eb%b0%b1%eb%82%a8%ec%a4%80/
222652,2022 ACC 미디어파사드 <반디산책: 지구와 화해하는 발걸음>,2022-09-01,2022-12-25,국립아시아문화전당,미술,광주,http://www.culture.go.kr/upload/rdf/22/09/show_2022091311494147847.jpg,126.9200572,35.14704939,https://www.acc.go.kr/main/exhibition.do?PID=0202&action=Read&bnkey=EM_0000005379#scheduleList02
222654,안녕하신가영 단독콘서트 &lt;좋아하는 마음&gt;,2022-10-26,2022-10-26,하남문화예술회관,음악,경기,http://www.culture.go.kr/upload/rdf/22/09/show_202209131532883425.jpg,127.2075468,37.54462336,
222657,"2022 카즈미 타테이시 트리오 내한 공연-크리스마스, 재즈를 만나다-",2022-12-13,2022-12-13,세종문화회관 M씨어터,음악,서울,http://www.culture.go.kr/upload/rdf/22/09/show_202209131745645951.jpg,126.9756907,37.57184668,https://tickets.interpark.com/goods/P0003170
222964,햄릿광대 난장,2022-10-26,2022-10-30,대학로 선돌극장,연극,서울,http://www.culture.go.kr/upload/rdf/22/09/show_2022091421251187738.jpg,126.9997764,37.58684172,https://tickets.interpark.com/goods/22012337
222996,케이트 리우 피아노 리사이틀,2022-12-10,2022-12-10,예술의전당 IBK챔버홀,음악,서울,http://www.culture.go.kr/upload/rdf/22/09/show_202209151053685799.jpg,127.0122499,37.47913542,https://tickets.interpark.com/goods/22012145
223097,"""제7회 M 클래식 축제"" M SQUARE 광장버스킹 〈#4. 현악 사중주〉",2022-10-29,2022-10-29,마포아트센터,음악,서울,http://www.culture.go.kr/upload/rdf/22/09/show_2022091611574453743.jpg,126.9455337,37.54990185,https://www.mfac.or.kr/performance/whole_view.jsp?sc_b_category=17&sc_b_code=BOARD_1207683401&pk_seq=2030&page=1
223284,"""제7회 M 클래식 축제"" 데이비드 러셀 기타 리사이틀",2022-10-23,2022-10-23,마포아트센터 아트홀맥,음악,서울,http://www.culture.go.kr/upload/rdf/22/09/show_2022091611354547147.jpg,126.9455337,37.54990185,https://www.mfac.or.kr/performance/whole_view.jsp?sc_b_category=17&sc_b_code=BOARD_1207683401&pk_seq=2030&page=1
223285,"""제7회 M 클래식 축제"" 박수예 바이올린 리사이틀",2022-10-25,2022-10-25,마포아트센터 아트홀맥,음악,서울,http://www.culture.go.kr/upload/rdf/22/09/show_2022091611382549724.jpg,126.9455337,37.54990185,https://www.mfac.or.kr/performance/whole_view.jsp?sc_b_category=17&sc_b_code=BOARD_1207683401&pk_seq=2030&page=1
223286,"""제7회 M 클래식 축제"" 엠비언트 뮤직 콘서트 &lt;그대에게&gt;",2022-10-26,2022-10-26,마포아트센터 아트홀맥,음악,서울,http://www.culture.go.kr/upload/rdf/22/09/show_2022091611405668045.jpg,126.9455337,37.54990185,https://www.mfac.or.kr/performance/whole_view.jsp?sc_b_category=17&sc_b_code=BOARD_1207683401&pk_seq=2030&page=1
223289,"""제7회 M 클래식 축제"" M SQUARE 광장버스킹 〈#3. 新 마당놀이〉",2022-10-22,2022-10-22,마포아트센터,음악,서울,http://www.culture.go.kr/upload/rdf/22/09/show_2022091611554288068.jpg,126.9455337,37.54990185,https://www.mfac.or.kr/performance/whole_view.jsp?sc_b_category=17&sc_b_code=BOARD_1207683401&pk_seq=2030&page=1
223433,"2022 재즈 페스타_Fall in Jazz ""U.BAR.E avec les amis""",2022-10-27,2022-10-27,반포심산아트홀,음악,서울,http://www.culture.go.kr/upload/rdf/22/09/show_20220916170627740.jpg,126.9905157,37.49885315,https://www.seochocf.or.kr/site/main/seocho/show/view?show_idx=487
223541,한남韓男의 광시곡狂詩曲 (K-Men&#39;s Rhapsody),2022-10-06,2022-10-23,대학로 선돌극장,연극,서울,http://www.culture.go.kr/upload/rdf/22/09/show_202209181514845327.jpg,126.9997764,37.58684172,
223542,"쉼 , 밤의 흔적 물의 위로",2022-09-19,2022-12-31,미디어 아트 갤러리 언더독뮤지엄,미술,서울,http://www.culture.go.kr/upload/rdf/22/09/show_202209181517218504.jpg,126.9179648,37.55164737,http://www.underdogmuseum.com/32
223548,초월(超越),2022-10-18,2022-10-23,국립극장 달오름극장,국악,서울,http://www.culture.go.kr/upload/rdf/22/09/rdf_2022091821183782950.jpg,127.0000226,37.5531535,
223642,2022년 한국의 명인명창 공연 &#39;가을 살롱&#39;,2022-09-20,2022-10-26,한국의집,무용,서울,http://www.culture.go.kr/upload/rdf/22/09/show_2022091915395595292.jpg,126.994706,37.56019243,
223903,안드라스 쉬프 피아노 리사이틀,2022-11-06,2022-11-06,롯데 콘서트홀,음악,서울,http://www.culture.go.kr/upload/rdf/22/09/show_202209219571929104.jpg,127.104084,37.51364831,https://www.lotteconcerthall.com/kor/Performance/ConcertDetails/259650
223904,안드라스 쉬프 피아노 리사이틀 -  부산,2022-11-10,2022-11-10,부산문화회관 대극장,음악,부산,http://www.culture.go.kr/upload/rdf/22/09/show_202209219584127907.jpg,129.0934319,35.12723313,https://tickets.interpark.com/goods/22012257
223907,[야광명월(夜光明月)] 첼로가야금,2022-10-21,2022-10-21,서울돈화문국악당,국악,서울,http://www.culture.go.kr/upload/rdf/22/09/show_202209211083200553.png,126.9906605,37.57727731,
223908,[야광명월(夜光明月)] 헤이스트링,2022-10-22,2022-10-22,서울돈화문국악당,국악,서울,http://www.culture.go.kr/upload/rdf/22/09/show_202209211011357542.png,126.9906605,37.57727731,
223909,[야광명월(夜光明月)] 원초적음악집단 이드,2022-10-28,2022-10-28,서울돈화문국악당,국악,서울,http://www.culture.go.kr/upload/rdf/22/09/show_202209211015883179.png,126.9906605,37.57727731,https://sdtt.or.kr/user/program/2022/10/1215
223910,[야광명월(夜光明月)] 월드뮤직그룹 공명,2022-11-06,2022-11-06,서울돈화문국악당,국악,서울,http://www.culture.go.kr/upload/rdf/22/09/show_2022092110255858768.png,126.9906605,37.57727731,https://sdtt.or.kr/user/program/2022/11/1220
223930,[야광명월(夜光明月)] 줄헤르츠,2022-10-23,2022-10-23,서울돈화문국악당,국악,서울,http://www.culture.go.kr/upload/rdf/22/09/show_202209211013895729.png,126.9906605,37.57727731,
223934,[야광명월(夜光明月)] 메탈리즘,2022-10-29,2022-10-29,서울돈화문국악당,국악,서울,http://www.culture.go.kr/upload/rdf/22/09/show_2022092110164365444.png,126.9906605,37.57727731,https://sdtt.or.kr/user/program/2022/10/1216
223936,[야광명월(夜光明月)] 정가앙상블 소울지기,2022-10-30,2022-10-30,서울돈화문국악당,국악,서울,http://www.culture.go.kr/upload/rdf/22/09/show_2022092110182286117.png,126.9906605,37.57727731,https://sdtt.or.kr/user/program/2022/10/1217
223939,[야광명월(夜光明月)] 달음,2022-11-04,2022-11-04,서울돈화문국악당,국악,서울,http://www.culture.go.kr/upload/rdf/22/09/show_2022092110194260453.png,126.9906605,37.57727731,https://sdtt.or.kr/user/program/2022/11/1218
223943,[야광명월(夜光明月)] 그루브앤드,2022-11-05,2022-11-05,서울돈화문국악당,국악,서울,http://www.culture.go.kr/upload/rdf/22/09/show_2022092110244367822.png,126.9906605,37.57727731,https://sdtt.or.kr/user/program/2022/11/1219
223960,김선주 피아노 독주회 XVII - Schubert Die letzte 3 Sonaten,2022-10-30,2022-10-30,강릉아트센터 사임당홀,음악,강원,http://www.culture.go.kr/upload/rdf/22/09/show_2022092116124267851.jpg,128.8954464,37.77222823,https://tickets.interpark.com/goods/22011673
223975,국립한글박물관 10월 문화행사 공연,2022-10-01,2022-10-31,국립한글박물관,기타,서울,http://www.culture.go.kr/upload/rdf/22/09/show_2022092113465307820.jpg,126.9804863,37.5210688,https://www.hangeul.go.kr/event/userEventApplyList.do?event_type_cd=1&curr_menu_cd=0104040300
224125,"여행 에세이 토크 콘서트 ""서초에서 시작하는 여행""",2022-10-26,2022-10-26,반포심산아트홀,음악,서울,http://www.culture.go.kr/upload/rdf/22/09/show_2022092214443951997.jpg,126.9905157,37.49885315,
224331,진민욱 초대전  <어제 걸은 길 The road that I walked yesterday>,2022-10-06,2022-12-16,한원미술관,미술,서울,http://www.culture.go.kr/upload/rdf/22/09/show_2022092314545933138.jpg,127.0154302,37.48175473,http://www.hanwon.org/display/%EC%96%B4%EC%A0%9C-%EA%B1%B8%EC%9D%80-%EA%B8%B8the-road-that-i-walked-yesterday/?yearData=now
224348,작업의 정석,2021-06-18,2022-10-31,대학로 올래홀,연극,서울,http://www.culture.go.kr/upload/rdf/22/09/show_2022092315552209929.jpg,127.0035436,37.58159338,https://tickets.interpark.com/goods/21004172
224461,"2022&#39; Gallery Jireh - 중견작가 그룹전 | &#39; 美에, 멋을 더하다 &#39;",2022-09-17,2022-10-23,갤러리 이레,미술,경기,http://www.culture.go.kr/upload/rdf/22/09/show_2022092513431740707.jpg,126.6989743,37.78740669,
224471,"첼리스트 문지형, 2022 세실콘서트",2022-11-23,2022-11-23,세실아트홀,음악,서울,http://www.culture.go.kr/upload/rdf/22/09/show_2022092523401998128.jpg,127.0318354,37.52813295,https://www.playticket.co.kr/nav/detail.html?idx=1967
224481,[아트센터 화이트블럭] 새로운 사물의 발견 Neue Deutsche Dinge,2022-09-30,2022-11-27,아트센터 화이트블럭,미술,경기,http://www.culture.go.kr/upload/rdf/22/09/show_202209252355612199.jpg,126.6993997,37.78888535,https://whiteblock.org/%EC%A0%84%EC%8B%9C/view/3417264
224530,피아니스트 김진석 베토벤 시리즈 5,2022-11-20,2022-11-20,예술의전당 IBK챔버홀,음악,서울,http://www.culture.go.kr/upload/rdf/22/09/show_2022092616462242228.jpg,127.0122499,37.47913542,http://www.sac.or.kr/
224866,Everyday New Art Fair!,2022-10-01,2022-12-31,아트뮤제갤러리 롯데백화점 일산점,미술,경기,http://www.culture.go.kr/upload/rdf/22/09/show_2022092814475518180.jpg,126.7721166,37.66047102,https://www.artmusee.com/sc/exhibition_view.php?seq=300
224941,박노해 사진전 <아이들은 놀라워라>,2022-09-30,2023-10-01,라 카페 갤러리,미술,서울,http://www.culture.go.kr/upload/rdf/22/09/show_2022092816442716747.jpg,126.9730222,37.57929282,https://blog.naver.com/racafe/222879785118
224942,이현진 피아노 독주회,2022-11-27,2022-11-27,예술의전당 인춘아트홀,음악,서울,http://www.culture.go.kr/upload/rdf/22/09/show_202209281744188442.jpg,127.0142116,37.48023894,http://www.sac.or.kr/
224943,오마주 투 쇼팽,2022-12-11,2022-12-11,예술의전당 콘서트홀,음악,서울,http://www.culture.go.kr/upload/rdf/22/09/show_2022092817453699030.jpg,127.011905,37.4790003,http://www.sac.or.kr/
225044,신진(청년)작가 날개달다 2022展,2022-10-19,2022-10-27,인천광역시교육청평생학습관,미술,인천,http://www.culture.go.kr/upload/rdf/22/09/show_202209299373602569.jpg,126.6720856,37.39830259,
225045,글씨다움展,2022-10-19,2022-10-27,인천광역시교육청평생학습관,미술,인천,http://www.culture.go.kr/upload/rdf/22/09/show_20220929939546278.jpg,126.6720856,37.39830259,
225141,피아노케 첫번째 콘서트 &lt;로미오와 줄리엣&gt;,2022-10-22,2022-10-22,대전 아트브릿지,음악,대전,http://www.culture.go.kr/upload/rdf/22/09/show_2022092915292958478.jpg,127.3825617,36.36592383,
225180,이지원 바이올린 독주회,2022-11-19,2022-11-19,푸르지오 아트홀,음악,서울,http://www.culture.go.kr/upload/rdf/22/09/show_202209301039987407.jpg,126.9973174,37.56613234,http://prugioarthall.daewooenc.com/
225261,이마리솔 바이올린 독주회,2022-10-22,2022-10-22,예술의전당 리사이틀홀,음악,서울,http://www.culture.go.kr/upload/rdf/22/09/show_202209308551833050.jpg,127.0142116,37.48023894,
225289,대전 지역 명소 야외 무료 공연 &#39;청아청아 내딸청아&#39; (10/22),2022-10-22,2022-10-22,대전예술의전당,연극,대전,http://www.culture.go.kr/upload/rdf/22/09/show_202209301281292397.jpg,127.3839108,36.3665377,
225290,안티로망스,2022-10-01,2022-10-27,을지예술센터,미술,서울,http://www.culture.go.kr/upload/rdf/22/09/show_2022093013392065149.png,126.9965816,37.56773609,
225461,[예술의전당] 박준&정밀아의 소소살롱,2022-02-09,2022-10-29,예술의전당 리사이틀홀,기타,서울,http://www.culture.go.kr/upload/rdf/22/10/show_2022100110192065530.jpg,127.0142116,37.48023894,https://www.sac.or.kr/site/main/show/show_view?SN=45216
225462,이풀실내정원 기획전시 <ORGANIC SPECTRUM>,2022-07-05,2023-03-03,이풀실내정원,미술,경기,http://www.culture.go.kr/upload/rdf/22/10/show_202210011048815388.jpg,126.8892589,37.31066968,http://eunicesgarden.com/
225501,문화가있는날 열린소극장 &#39;My Jazz Story&#39;,2022-10-26,2022-10-26,빛고을 아트스페이스,음악,광주,http://www.culture.go.kr/upload/rdf/22/10/show_2022100315321871980.png,126.9078889,35.1478993,
225541,죽어야 사는 남자,2022-05-01,2022-10-31,업스테이지,연극,서울,http://www.culture.go.kr/upload/rdf/22/10/show_20221049103251196.jpg,127.0042794,37.58009771,https://tickets.interpark.com/goods/22004587
225545,&lt;2022 경기도 문화의 날 [안양아트인 데이]  창작극 인터뷰&gt; - 안양,2022-10-26,2022-10-26,안양아트센터,연극,경기,http://www.culture.go.kr/upload/rdf/22/10/show_2022100416244937588.png,126.9313651,37.38458779,
225547,<부유한 극장> 혜화동1번지 7기동인 2022 가을페스티벌,2022-10-21,2022-10-30,연극실험실 혜화동 1번지,연극,서울,http://www.culture.go.kr/upload/rdf/22/10/show_2022100417225774128.jpg,127.001353,37.58638221,https://tickets.interpark.com/goods/22013078
225681,원진주 명창이 들려주는 김포 면면촌촌,2022-10-30,2022-10-30,김포아트홀,국악,경기,http://www.culture.go.kr/upload/rdf/22/10/show_2022100421263630183.png,126.7201453,37.618923,https://www.gcf.or.kr/main/?mc_code=141010
225713,대전시립합창단 제158회 정기연주회 &#39;회상回想... 그리고 그리움&#39;,2022-10-27,2022-10-27,대전예술의전당,음악,대전,http://www.culture.go.kr/upload/rdf/22/10/show_2022100515443799325.jpg,127.3839108,36.3665377,
225724,2022 서울시향 실내악 시리즈 VII: 슬라브,2022-11-26,2022-11-26,세종문화회관 체임버홀,음악,서울,http://www.culture.go.kr/upload/rdf/22/10/show_2022100510384103599.jpg,126.9757755,37.57201338,https://www.seoulphil.or.kr/perf/view?perfNo=4874&calendarDate=2022/11/26&langCd=ko&menuFlag=MFLG0001
225730,길몸삶터 : 일상에서 누리는 널리 이로운 디자인,2022-10-05,2022-10-30,문화역서울284,미술,서울,http://www.culture.go.kr/upload/rdf/22/10/show_2022100510561123750.jpg,126.971582,37.55589362,https://www.seoul284.org/
225740,박찬호 바이올린 독주회,2022-10-23,2022-10-23,예술의전당 리사이틀홀,음악,서울,http://www.culture.go.kr/upload/rdf/22/10/show_2022100511554886641.jpg,127.0142116,37.48023894,
225783,아니무스 콰르텟 연주회,2022-10-29,2022-10-29,PMF자양스테이션,음악,서울,http://www.culture.go.kr/upload/rdf/22/10/show_2022100515155277598.jpg,127.0830263,37.53463131,https://booking.naver.com/booking/5/bizes/761674/items/4607473?preview=1
225787,2022자양아티스트라운지 <ROMANCES>,2022-11-02,2022-11-09,PMF자양스테이션,음악,서울,http://www.culture.go.kr/upload/rdf/22/10/show_2022100515235887836.png,127.0830263,37.53463131,https://booking.naver.com/booking/5/bizes/767979/items/4628631?preview=1
225809,The Class+ 디앙상블,2022-10-21,2022-10-21,신영체임버홀,음악,서울,http://www.culture.go.kr/upload/rdf/22/10/show_202210051636574907.jpg,126.9288747,37.52129524,
225821,2022 방방곡곡 문화공감 [크로키키 브라더스],2022-11-26,2022-11-26,평촌아트홀,기타,경기,http://www.culture.go.kr/upload/rdf/22/10/show_202210051742348403.jpg,126.9639763,37.37998717,https://www.ayac.or.kr/base/ayac/performance/read?performanceNo=2703&menuLevel=2&menuNo=1
225935,2022 전통창작음악집단 4인놀이 콘서트 “Born Von 本 : 근본으로부터 태어나다”,2022-11-12,2022-11-12,용인문화예술원(마루홀),국악,경기,http://www.culture.go.kr/upload/rdf/22/10/show_202210069533811434.jpg,127.1792113,37.24061109,https://tickets.interpark.com/goods/22013605
225943,프랑수아 프레데리크 기의 베토벤 '황제’,2022-11-17,2022-11-18,롯데콘서트홀,음악,서울,http://www.culture.go.kr/upload/rdf/22/10/show_202210061605435745.jpg,127.1044461,37.5137471,https://www.lotteconcerthall.com/kor/Performance/ConcertDetails/259433
225946,2022 크랙샷 할로윈 콘서트 DANNY'S HALLOKITTY,2022-10-30,2022-10-30,웨스트브릿지,음악,서울,http://www.culture.go.kr/upload/rdf/22/10/show_2022100618334502230.jpeg,126.9261618,37.55363948,http://m.ticketlink.co.kr/product/40621
226361,세 여인의 바로크와 고전이야기,2022-10-22,2022-10-22,성남아트리움 (구 성남시민회관),음악,경기,http://www.culture.go.kr/upload/rdf/22/10/show_2022100814183463491.jpg,127.1390548,37.44498249,
226362,공예로 떠나는 미국 여행,2022-10-11,2022-11-11,KCDF 아카이브 센터,미술,서울,http://www.culture.go.kr/upload/rdf/22/10/show_2022100817382470113.png,126.984115,37.57400825,https://library.kcdf.kr/board.do?action=bbsDetail&menuPath=listBbs&pageIndex=1&readOnlyYn=Y&BOARD_ID=10914&boardId=10914&BBS_ID=69786
226383,&lt;문화가 있는 날&gt; 10월 문화산책,2022-10-26,2022-10-26,비오케이아트센터,음악,세종,http://www.culture.go.kr/upload/rdf/22/10/show_2022100915132724766.png,127.30327,36.49235599,
226401,"오, 찰나!",2022-10-29,2022-11-02,어반플루토,미술,서울,http://www.culture.go.kr/upload/rdf/22/10/show_2022100823165429093.png,126.8940028,37.53882284,http://www.urbanpluto.com/?p=3320
226433,아트스페이스카고 개관 레퍼토리 두 번재 전시 &lt;섬의 일주 : 문명 박물관&gt;,2022-09-27,2022-10-21,아트스페이스카고,미술,인천,http://www.culture.go.kr/upload/rdf/22/10/show_20221010164364177.jpg,126.4888183,37.49274358,
226466,2호선 세입자,2022-01-14,2022-10-31,바탕골소극장,연극,서울,http://www.culture.go.kr/upload/rdf/22/10/show_20221011917545167.jpg,127.0025813,37.5818601,http://www.stagetalk.co.kr/Archive/Theater/Detail?idTheater=772
226510,손미나의 인문학콘서트 with 조윤성,2022-11-12,2022-11-12,오류아트홀,음악,서울,http://www.culture.go.kr/upload/rdf/22/10/show_2022101114324629643.jpg,126.8460268,37.49535748,https://www.guroartsvalley.or.kr/user/performance/performanceView.do?performanceSeq=3599&page=1
226545,숙명여자대학교 성악과 오페라 정기공연 <마술피리>,2022-10-28,2022-10-29,구로아트밸리예술극장,기타,서울,http://www.culture.go.kr/upload/rdf/22/10/show_2022101116442303259.jpg,126.8888322,37.4966917,https://tickets.interpark.com/goods/22012889
226546,바리톤 문경재 귀국 독창회,2022-11-06,2022-11-06,영산아트홀,음악,서울,http://www.culture.go.kr/upload/rdf/22/10/show_2022101116482983863.jpg,126.9249327,37.52948291,http://www.youngsanarthall.com/rb/
226601,[소마미술관] 뒤뷔페전,2022-10-01,2023-01-31,소마미술관 2관,미술,서울,http://www.culture.go.kr/upload/rdf/22/10/show_202210111821045273.jpg,127.1181845,37.51686487,http://soma.kspo.or.kr/
226680,부천필하모닉오케스트라 특별기획연주회: 콘체르토 vs 콘체르토,2022-11-10,2022-11-10,부천시민회관 대공연장,음악,경기,http://www.culture.go.kr/upload/rdf/22/10/show_2022101213285965047.jpg,126.7705427,37.48847293,https://www.bucheonphil.or.kr/front/M0000012/event/view.do?eventId=EV002798
226696,[소마미술관] Into Drawing 46_김혜숙 전 : 《낱눈》,2022-10-14,2022-11-13,소마미술관 1관,미술,서울,http://www.culture.go.kr/upload/rdf/22/10/show_2022101212594433964.png,127.1155179,37.5203397,http://soma.kspo.or.kr/
226701,2022 롯데장학재단과 함께하는 ‘제 7회 청춘열전 출사표’ 결선 경연 개최,2022-10-22,2022-10-22,고양아람누리 아람극장,국악,경기,http://www.culture.go.kr/upload/rdf/22/10/show_202210129574142612.jpg,126.7745896,37.66157496,
226755,2022 SOMA 공공미술프로젝트,2022-10-17,2023-05-31,올림픽공원,미술,서울,http://www.culture.go.kr/upload/rdf/22/10/show_202210121411098427.jpg,127.1206201,37.52029099,http://www.olympicpark.co.kr/
226758,전쟁과 평화 : 임진왜란에서 조선통신사의 길로,2022-10-05,2022-12-20,국립해양박물관,미술,부산,http://www.culture.go.kr/upload/rdf/22/10/show_2022101214285456925.jpg,129.0802977,35.07862974,https://www.mmk.or.kr/?folder=exhibition&page=view&idx=74&cate=now_upcoming
